mysql> SELECT * FROM cats WHERE age = 4;
+--------+-------+-------+------+
| cat_id | name  | breed | age  |
+--------+-------+-------+------+
|      1 | Ringo | Tabby |    4 |
+--------+-------+-------+------+
1 row in set (0.10 sec)

mysql> SELECT * FROM cats;
+--------+----------------+------------+------+
| cat_id | name           | breed      | age  |
+--------+----------------+------------+------+
|      1 | Ringo          | Tabby      |    4 |
|      2 | Cindy          | Maine Coon |   10 |
|      3 | Dumbledore     | Maine Coon |   11 |
|      4 | Egg            | Persian    |   13 |
|      5 | George Michael | Ragdoll    |    9 |
|      6 | Jackson        | Sphynx     |    7 |
+--------+----------------+------------+------+
6 rows in set (0.00 sec)

mysql> SELECT * FROM cats WHERE name ='egg';
+--------+------+---------+------+
| cat_id | name | breed   | age  |
+--------+------+---------+------+
|      4 | Egg  | Persian |   13 |
+--------+------+---------+------+
1 row in set (0.01 sec)

mysql>