// SOLUTION TO PREVIOUS PROBLEM

mysql> SELECT title, pages fROM books;
+-----------------------------------------------------+-------+
| title                                               | pages |
+-----------------------------------------------------+-------+
| The Namesake                                        |   291 |
| Norse Mythology                                     |   304 |
| American Gods                                       |   465 |
| Interpreter of Maladies                             |   198 |
| A Hologram for the King: A Novel                    |   352 |
| The Circle                                          |   504 |
| The Amazing Adventures of Kavalier & Clay           |   634 |
| Just Kids                                           |   304 |
| A Heartbreaking Work of Staggering Genius           |   437 |
| Coraline                                            |   208 |
| What We Talk About When We Talk About Love: Stories |   176 |
| Where I'm Calling From: Selected Stories            |   526 |
| White Noise                                         |   320 |
| Cannery Row                                         |   181 |
| Oblivion: Stories                                   |   329 |
| Consider the Lobster                                |   343 |
| 10% Happier                                         |   256 |
| fake_book                                           |   428 |
| Lincoln In The Bardo                                |   367 |
+-----------------------------------------------------+-------+
19 rows in set (0.00 sec)

mysql> SELECT MAX(pages), title FROM books;
+------------+--------------+
| MAX(pages) | title        |
+------------+--------------+
|        634 | The Namesake |
+------------+--------------+
1 row in set (0.00 sec)

mysql> SELECT * FROM books WHERE pages = (SELECT MAX(pages) FROM books);
+---------+-------------------------------------------+--------------+--------------+---------------+----------------+-------+
| book_id | title                                     | author_fname | author_lname | released_year | stock_quantity | pages |
+---------+-------------------------------------------+--------------+--------------+---------------+----------------+-------+
|       7 | The Amazing Adventures of Kavalier & Clay | Michael      | Chabon       |          2000 |             68 |   634 |
+---------+-------------------------------------------+--------------+--------------+---------------+----------------+-------+
1 row in set (0.13 sec)

mysql> SELECT title, pages FROM books WHERE pages = (SELECT MAX(pages) FROM books);
+-------------------------------------------+-------+
| title                                     | pages |
+-------------------------------------------+-------+
| The Amazing Adventures of Kavalier & Clay |   634 |
+-------------------------------------------+-------+
1 row in set (0.00 sec)

mysql> SELECT title, pages FROM books WHERE pages = (SELECT MIN(pages) FROM books);
+-----------------------------------------------------+-------+
| title                                               | pages |
+-----------------------------------------------------+-------+
| What We Talk About When We Talk About Love: Stories |   176 |
+-----------------------------------------------------+-------+
1 row in set (0.00 sec)

mysql> SELECT title, pages FROM books ORDER BY pages LIMIT 1;
+-----------------------------------------------------+-------+
| title                                               | pages |
+-----------------------------------------------------+-------+
| What We Talk About When We Talk About Love: Stories |   176 |
+-----------------------------------------------------+-------+
1 row in set (0.00 sec)

mysql> SELECT title, pages FROM books ORDER BY pages DESC LIMIT 1;
+-------------------------------------------+-------+
| title                                     | pages |
+-------------------------------------------+-------+
| The Amazing Adventures of Kavalier & Clay |   634 |
+-------------------------------------------+-------+
1 row in set (0.00 sec)

mysql>